"","minigame_level","avg_bad"
"1",0,2.99393939393939
"2",1,5.87741935483871
"3",2,2.60666666666667
"4",3,2.47058823529412
"5",4,0.552631578947368
"6",5,0.757575757575758
"7",6,1.65322580645161
"8",7,2.51181102362205
"9",8,3.42142857142857
"10",9,2.74576271186441
